"Coat,Shoes,Gloves"
"Pants,Shirt,Hat"
"Shirt,Hat"
"Shoes,Hat,Gloves"
"Pants,Shoes,Hat"
"Coat,Socks,Pants"
"Socks,Pants,Coat"
"Hat,Shirt"
"Shoes,Socks,Coat"
"Socks,Hat"
"Coat,Socks"
"Shoes,Shirt,Socks"
"Hat,Shoes,Pants"
"Shirt,Pants,Shoes"
"Gloves,Shirt"
"Shoes,Pants,Hat"
"Gloves,Shoes"
"Hat,Coat"
"Gloves,Shirt"
"Gloves,Shoes,Pants,Shirt"
"Socks,Hat"
"Socks,Gloves"
"Pants,Gloves"
"Pants,Coat,Shoes"
"Hat,Shoes"
"Coat,Gloves,Shoes"
"Hat,Gloves"
"Pants,Shoes,Coat"
"Hat,Pants,Shoes"
"Gloves,Hat,Shirt"
"Coat,Shirt,Socks"
"Shirt,Gloves"
"Gloves,Shoes"
"Hat,Shirt,Shoes,Gloves"
"Hat,Shoes"
"Coat,Socks,Shoes,Shirt"
"Gloves,Pants"
"Gloves,Shoes"
"Shirt,Pants,Socks,Coat"
"Coat,Socks"
"Socks,Gloves"
"Coat,Shoes,Hat"
"Shoes,Hat,Shirt,Socks"
"Hat,Shirt,Gloves,Socks"
"Shirt,Socks,Shoes,Pants"
"Coat,Gloves,Pants"
"Shirt,Socks"
"Hat,Socks,Gloves,Shirt"
"Shirt,Socks"
"Pants,Shoes,Shirt,Hat"
"Pants,Shoes,Shirt"
"Gloves,Shoes,Pants"
"Shoes,Pants"
"Shoes,Coat"
"Shirt,Gloves,Shoes"
"Gloves,Pants,Hat,Socks"
"Gloves,Shirt,Coat,Hat"
"Coat,Shoes,Hat,Pants"
"Shoes,Coat,Hat"
"Hat,Pants"
"Socks,Shoes"
"Coat,Pants,Socks"
"Gloves,Shirt"
"Shirt,Socks,Gloves,Shoes"
"Shirt,Pants,Socks"
"Coat,Hat"
"Socks,Hat"
"Coat,Pants,Socks,Shoes"
"Coat,Gloves,Pants"
"Shirt,Pants,Socks,Shoes"
"Shoes,Shirt,Socks,Gloves"
"Coat,Gloves,Pants"
"Shoes,Socks,Shirt,Gloves"
"Shirt,Gloves,Socks,Pants"
"Shoes,Socks,Hat,Shirt"
"Gloves,Shirt,Coat,Hat"
"Shoes,Gloves,Hat,Shirt"
"Shirt,Socks,Coat,Hat"
"Pants,Socks"
"Hat,Coat,Socks,Shirt"
"Hat,Shirt,Coat"
"Socks,Pants"
"Coat,Shirt"
"Coat,Gloves,Socks"
"Shoes,Gloves"
"Shoes,Coat"
"Gloves,Coat"
"Socks,Coat,Shoes,Shirt"
"Shirt,Pants,Socks,Shoes"
"Shoes,Gloves,Coat,Socks"
"Coat,Pants,Gloves"
"Pants,Hat,Shirt"
"Gloves,Shoes,Pants"
"Pants,Hat"
"Shirt,Hat"
"Coat,Hat,Gloves,Pants"
"Hat,Socks,Coat,Pants"
"Socks,Shoes,Shirt"
"Socks,Coat"
"Hat,Pants"
"Hat,Gloves,Coat"
"Socks,Hat,Pants,Gloves"
"Hat,Pants,Coat"
"Shoes,Gloves,Hat"
"Shirt,Socks,Coat"
"Shoes,Coat,Shirt,Gloves"
"Shoes,Pants,Hat"
"Pants,Hat,Shirt"
"Coat,Pants,Socks,Gloves"
"Pants,Shoes,Hat,Socks"
"Shoes,Hat,Coat,Socks"
"Pants,Coat,Hat,Shirt"
"Shirt,Socks"
"Gloves,Socks,Coat,Hat"
"Shirt,Pants,Shoes"
"Shoes,Pants,Gloves"
"Pants,Socks,Coat,Gloves"
"Coat,Shirt"
"Hat,Pants,Shoes,Shirt"
"Gloves,Pants,Shirt,Socks"
"Shirt,Shoes"
"Shoes,Coat,Shirt"
"Pants,Socks"
"Shoes,Coat,Gloves,Socks"
"Shoes,Socks"
"Coat,Pants"
"Shirt,Hat,Shoes,Gloves"
"Shirt,Pants,Coat"
"Coat,Shirt,Shoes"
"Shoes,Coat,Pants,Socks"
"Gloves,Pants,Coat"
"Gloves,Shoes"
"Shirt,Hat,Socks"
"Socks,Shirt"
"Hat,Gloves,Shoes,Socks"
"Shirt,Pants,Coat"
"Hat,Pants,Shoes"
"Gloves,Pants,Hat"
"Coat,Pants"
"Shirt,Gloves,Socks,Coat"
"Coat,Shoes,Hat,Gloves"
"Gloves,Socks,Hat"
"Pants,Coat,Shirt"
"Gloves,Hat,Shirt"
"Gloves,Shirt"
"Gloves,Shoes,Pants"
"Socks,Pants"
"Socks,Hat,Coat,Pants"
"Shoes,Gloves,Shirt,Coat"
"Hat,Coat"
"Shoes,Coat,Shirt"
"Pants,Shoes,Socks,Coat"
"Shoes,Hat"
"Socks,Coat"
"Socks,Gloves"
"Gloves,Coat,Shirt,Shoes"
"Socks,Gloves"
"Pants,Coat"
"Shoes,Shirt,Socks,Gloves"
"Gloves,Shoes,Coat,Hat"
"Socks,Hat,Shirt"
"Pants,Shirt"
"Gloves,Hat,Shoes"
"Gloves,Hat,Shirt"
"Gloves,Hat"
"Coat,Shoes,Shirt,Socks"
"Gloves,Shoes"
"Shoes,Hat,Coat,Shirt"
"Coat,Hat"
"Gloves,Coat,Hat"
"Hat,Shoes,Socks"
"Shoes,Shirt,Coat"
"Socks,Hat"
"Shirt,Shoes,Socks,Gloves"
"Shoes,Hat,Coat,Shirt"
"Shirt,Coat"
"Coat,Hat,Pants"
"Pants,Gloves,Shirt"
"Shoes,Shirt,Socks"
"Pants,Coat"
"Shoes,Hat,Shirt,Socks"
"Shoes,Hat,Shirt,Socks"
"Shoes,Hat,Shirt,Socks"
"Shoes,Hat,Shirt,Socks"
"Shoes,Hat,Shirt,Socks"
"Shoes,Hat,Shirt,Socks"
"Shoes,Hat,Shirt,Socks"
"Shoes,Hat,Shirt,Socks"
"Shoes,Hat,Shirt,Socks"
"Shoes,Hat,Shirt,Socks"
"Shoes,Hat,Shirt,Socks"
"Shoes,Hat,Shirt,Socks"
"Shoes,Hat,Shirt,Socks"
"Shoes,Hat,Shirt,Socks"
"Shoes,Hat,Shirt,Socks"
"Shoes,Hat,Shirt,Socks"
"Shoes,Hat,Shirt,Socks"
"Shoes,Hat,Shirt,Socks"
"Shoes,Hat,Shirt,Socks"
"Shoes,Hat,Shirt,Socks"
"Shoes,Hat,Shirt,Socks"
"Shoes,Hat,Shirt,Socks"
"Shoes,Hat,Shirt,Socks"
"Shoes,Hat,Shirt,Socks"
"Shoes,Hat,Shirt,Socks"
"Socks,Gloves"
"Socks,Gloves"
"Socks,Gloves"
"Socks,Gloves"
"Socks,Gloves"
"Socks,Gloves"
"Socks,Gloves"
"Socks,Gloves"
"Socks,Gloves"
"Socks,Gloves"
"Socks,Gloves"
"Socks,Gloves"
"Socks,Gloves"
"Socks,Gloves"
"Socks,Gloves"
"Socks,Gloves"
"Socks,Gloves"
"Socks,Gloves"
"Socks,Gloves"
"Socks,Gloves"
"Socks,Gloves"
"Socks,Gloves"
"Socks,Gloves"
"Socks,Gloves"
"Socks,Gloves"
"Socks,Gloves"
"Socks,Gloves"
"Socks,Gloves"
"Socks,Gloves"
"Socks,Gloves"
"Socks,Gloves"
"Socks,Gloves"
"Socks,Gloves"
"Socks,Gloves"
"Pants,Hat"
"Gloves,Socks,Hat"
"Shirt,Pants,Coat,Gloves"
"Shoes,Shirt"
"Hat,Socks,Pants"
"Pants,Hat,Shoes,Coat"
"Hat,Pants,Socks"
"Shoes,Gloves,Pants,Shirt"
"Coat,Socks"
"Shoes,Coat"
"Socks,Hat,Gloves,Shoes"
"Coat,Socks,Pants"
"Socks,Coat,Gloves"
"Socks,Pants,Coat,Hat"
"Socks,Shirt,Shoes"
"Shirt,Coat,Pants"
"Gloves,Shoes,Shirt"
"Pants,Hat,Shirt"
"Pants,Gloves,Coat,Hat"
"Shoes,Pants,Coat,Hat"
"Gloves,Hat,Coat"
"Coat,Gloves,Socks"
"Socks,Shoes,Shirt"
"Shirt,Pants,Socks,Coat"
"Gloves,Hat,Shirt,Socks"
"Socks,Shirt"
"Socks,Hat,Shoes"
"Shirt,Gloves,Hat"
"Shoes,Socks,Pants,Hat"
"Coat,Gloves"
"Shirt,Pants,Socks,Gloves"
"Gloves,Coat,Shoes,Hat"
"Hat,Coat,Socks"
"Gloves,Shirt,Hat"
"Socks,Shoes"
"Socks,Pants"
"Socks,Shoes,Coat,Shirt"
"Socks,Shoes,Shirt,Hat"
"Socks,Hat"
"Hat,Socks,Gloves,Shirt"
"Pants,Shoes,Gloves"
"Gloves,Hat,Pants"
"Socks,Coat,Shoes"
"Pants,Gloves,Socks"
"Hat,Shirt,Socks,Gloves"
"Shoes,Socks,Hat"
"Coat,Pants,Shoes"
"Socks,Gloves"
"Socks,Pants,Gloves,Shoes"
"Pants,Shirt"
"Socks,Gloves"
"Gloves,Pants"
"Coat,Socks,Pants"
"Shirt,Hat,Socks,Pants"
"Pants,Shirt,Shoes"
"Pants,Shirt"
"Gloves,Shirt,Hat,Coat"
"Shoes,Socks,Shirt,Coat"
"Hat,Shoes"
"Coat,Hat,Gloves"
"Pants,Shoes,Coat"
"Shirt,Shoes,Pants"
"Shoes,Coat,Pants"
"Shirt,Hat,Gloves"
"Socks,Gloves,Coat"
"Shirt,Socks"
"Shirt,Hat,Pants,Shoes"
"Coat,Shoes,Pants"
"Gloves,Coat,Shirt"
"Gloves,Shoes,Pants"
"Coat,Socks"
"Shoes,Pants,Hat,Gloves"
"Shoes,Socks,Pants"
"Shirt,Hat,Pants"
"Hat,Socks"
"Hat,Shirt,Shoes,Socks"
"Hat,Socks"
"Shoes,Gloves"
"Coat,Gloves,Socks,Shoes"
"Hat,Coat,Gloves"
"Shirt,Pants,Socks"
"Hat,Pants,Shirt"
"Coat,Gloves"
"Pants,Shirt"
"Shoes,Socks,Shirt"
